Index,Actual_Sales,Predicted_Sales,Absolute_Error,Percentage_Error,Residual,Order_Date,Category,Region
1696,69.008,81.91364092063493,12.905640920634937,18.70165911290711,-12.905640920634937,7/07/2014,Furniture,East
1697,215.65,123.91075500000008,91.73924499999993,42.540804544400615,91.73924499999993,7/07/2016,Furniture,West
1698,60.288,131.4072500000001,71.1192500000001,117.96584726645452,-71.1192500000001,7/07/2016,Furniture,Central
1699,253.372,152.05449849999977,101.31750150000025,39.98764721437264,101.31750150000025,7/07/2016,Furniture,Central
1700,287.968,485.10474628571376,197.13674628571374,68.4578655564902,-197.13674628571374,7/07/2016,Furniture,West
1701,87.21,299.76036799999986,212.55036799999988,243.72247219355566,-212.55036799999988,7/07/2017,Furniture,East
1702,63.882,160.83077499999993,96.94877499999993,151.76227262765713,-96.94877499999993,8/07/2014,Furniture,East
1703,502.488,599.5471151666665,97.05911516666646,19.315708069977084,-97.05911516666646,8/07/2014,Furniture,West
1704,662.88,498.9138294999998,163.9661705000002,24.735422776369813,163.9661705000002,8/07/2016,Furniture,West
1705,145.9,184.94022666666697,39.04022666666697,26.758208818825885,-39.04022666666697,8/07/2017,Furniture,West
1706,198.46,46.01123353174601,152.448766468254,76.81586539768921,152.448766468254,8/07/2017,Furniture,West
1707,15.84,37.267466250000055,21.427466250000055,135.27440814393975,-21.427466250000055,8/07/2017,Furniture,West
1708,83.92,63.09176999999997,20.828230000000033,24.81914918970452,20.828230000000033,8/07/2017,Furniture,East
1709,39.98,75.18012666666645,35.200126666666456,88.0443388360842,-35.200126666666456,8/07/2017,Furniture,East
1710,119.833,200.54842099999988,80.71542099999988,67.35658875268071,-80.71542099999988,9/07/2014,Furniture,West
1711,181.96,32.42900999999995,149.53099000000006,82.17794570235219,149.53099000000006,9/07/2015,Furniture,East
1712,408.006,183.9879991785714,224.01800082142856,54.905565315566086,224.01800082142856,9/07/2016,Furniture,East
1713,165.28,183.22481119047555,17.944811190475548,10.857218774489077,-17.944811190475548,9/07/2016,Furniture,East
1714,526.45,288.20654333333306,238.243456666667,45.254716813879185,238.243456666667,9/07/2017,Furniture,Central
1715,44.128,76.34112276190471,32.213122761904714,72.9992810956869,-32.213122761904714,1/08/2014,Furniture,South
1716,1004.976,902.8636663809515,102.11233361904851,10.160673848833058,102.11233361904851,1/08/2015,Furniture,West
1717,19.312,30.81612685714284,11.50412685714284,59.5698366670611,-11.50412685714284,1/08/2016,Furniture,East
1718,121.3,23.760448190476154,97.53955180952384,80.41183166490012,97.53955180952384,10/08/2017,Furniture,Central
1719,12.35,72.49127283333348,60.14127283333348,486.9738690958177,-60.14127283333348,11/08/2014,Furniture,West
1720,46.152,75.5998100000001,29.447810000000104,63.806140578956715,-29.447810000000104,11/08/2015,Furniture,South
1721,85.44,38.22813127705628,47.21186872294372,55.25733698846409,47.21186872294372,12/08/2014,Furniture,West
1722,145.764,194.40641099999985,48.64241099999984,33.37066148020076,-48.64241099999984,12/08/2016,Furniture,East
1723,562.2925,804.9497504999996,242.65725049999958,43.15498615044653,-242.65725049999958,12/08/2016,Furniture,South
1724,209.148,198.38835480952383,10.759645190476164,5.144512589398973,10.759645190476164,12/08/2016,Furniture,East
1725,54.92,169.53448750000004,114.61448750000004,208.69353150036423,-114.61448750000004,12/08/2017,Furniture,West
1726,1779.9,1060.8903999999995,719.0096000000005,40.39606719478625,719.0096000000005,12/08/2017,Furniture,East
1727,31.56,103.27622821428557,71.71622821428556,227.23773198442828,-71.71622821428556,13/08/2015,Furniture,West
1728,241.96,380.63863833333374,138.67863833333374,57.31469595525448,-138.67863833333374,13/08/2016,Furniture,Central
1729,31.984,41.005783333333355,9.021783333333353,28.207176504919186,-9.021783333333353,13/08/2017,Furniture,South
1730,423.648,291.3881800000001,132.25981999999993,31.219271659490882,132.25981999999993,13/08/2017,Furniture,South
1731,418.296,517.6434414285711,99.34744142857113,23.75051194096313,-99.34744142857113,14/08/2017,Furniture,West
1732,195.136,447.9849819999997,252.84898199999972,129.57577381928488,-252.84898199999972,15/08/2014,Furniture,West
1733,104.23,111.46281499999974,7.232814999999732,6.93928331574377,-7.232814999999732,15/08/2015,Furniture,West
1734,225.296,277.6633516666665,52.36735166666648,23.243800008285316,-52.36735166666648,15/08/2016,Furniture,South
1735,312.03,42.57831330627707,269.4516866937229,86.35441678483572,269.4516866937229,15/08/2016,Furniture,West
1736,853.092,926.3654935,73.27349349999997,8.589166643222534,-73.27349349999997,16/08/2014,Furniture,East
1737,254.352,128.51600050865792,125.83599949134208,49.47317083857885,125.83599949134208,16/08/2015,Furniture,East
1738,301.47,293.10887949999983,8.361120500000197,2.7734502603908173,8.361120500000197,16/08/2015,Furniture,East
1739,161.28,231.5954560000001,70.3154560000001,43.59837301587308,-70.3154560000001,16/08/2016,Furniture,West
1740,462.564,316.1527333333335,146.4112666666665,31.652110122419057,146.4112666666665,17/08/2017,Furniture,East
1741,74.592,359.714429666667,285.122429666667,382.242639514515,-285.122429666667,17/08/2017,Furniture,Central
1742,16.784,46.265489999999936,29.481489999999937,175.6523474737842,-29.481489999999937,17/08/2017,Furniture,Central
1743,4416.174,764.049271,3652.124729,82.69884132735712,3652.124729,17/08/2017,Furniture,East
1744,9.552,23.368698000000016,13.816698000000017,144.64717336683435,-13.816698000000017,18/08/2016,Furniture,Central
1745,5.344,77.60765857142856,72.26365857142856,1352.2391199743367,-72.26365857142856,18/08/2016,Furniture,Central
1746,40.48,37.1675452380953,3.3124547619046965,8.182941605495794,3.3124547619046965,18/08/2017,Furniture,East
1747,9.94,37.1675452380953,27.227545238095303,273.91896617802115,-27.227545238095303,18/08/2017,Furniture,East
1748,88.02,71.17608083333324,16.84391916666675,19.136468037567315,16.84391916666675,18/08/2017,Furniture,East
1749,65.94,70.39176523809525,4.451765238095248,6.751236333174475,-4.451765238095248,18/08/2017,Furniture,West
1750,638.82,1564.1599500000013,925.3399500000013,144.85143702451413,-925.3399500000013,19/08/2014,Furniture,South
1751,289.24,121.85470916666671,167.3852908333333,57.870727020236934,167.3852908333333,19/08/2014,Furniture,West
1752,110.98,220.3028350000004,109.32283500000041,98.50678951162408,-109.32283500000041,2/08/2015,Furniture,East
1753,277.5,442.5779813333336,165.07798133333358,59.48756084084093,-165.07798133333358,2/08/2015,Furniture,West
1754,136.464,156.5279133333332,20.063913333333204,14.702715246023276,-20.063913333333204,2/08/2016,Furniture,West
1755,421.372,169.7935329999999,251.5784670000001,59.70459997342018,251.5784670000001,20/08/2014,Furniture,Central
1756,500.24,1680.420339999999,1180.180339999999,235.9228250439787,-1180.180339999999,20/08/2014,Furniture,South
1757,544.008,636.0245300000006,92.01653000000056,16.91455456537414,-92.01653000000056,21/08/2015,Furniture,West
1758,586.398,1068.6747339999986,482.27673399999856,82.24392545677142,-482.27673399999856,21/08/2015,Furniture,West
1759,598.458,312.5614174999994,285.8965825000006,47.772204983474296,285.8965825000006,21/08/2015,Furniture,East
1760,25.984,19.097731190476164,6.886268809523838,26.501958164731516,6.886268809523838,21/08/2015,Furniture,East
1761,815.292,1360.5213820000004,545.2293820000003,66.87535042659566,-545.2293820000003,21/08/2016,Furniture,East
1762,2887.056,1315.5750125000018,1571.4809874999983,54.431953779213096,1571.4809874999983,21/08/2016,Furniture,West
1763,573.174,510.6519834999989,62.52201650000109,10.908034296740796,62.52201650000109,21/08/2016,Furniture,East
1764,866.4,797.1186300000013,69.28136999999867,7.99646468144029,69.28136999999867,21/08/2017,Furniture,South
1765,129.92,157.7075599999999,27.7875599999999,21.38820812807874,-27.7875599999999,21/08/2017,Furniture,West
1766,568.728,360.38034099999925,208.3476590000007,36.633972478935576,208.3476590000007,21/08/2017,Furniture,West
1767,25.16,36.86116000000001,11.701160000000012,46.50699523052469,-11.701160000000012,21/08/2017,Furniture,East
1768,91.92,109.92981249999976,18.009812499999754,19.592920474325233,-18.009812499999754,21/08/2017,Furniture,East
1769,388.704,985.9815649999994,597.2775649999994,153.65871331398685,-597.2775649999994,21/08/2017,Furniture,West
1770,22.752,110.1199025000001,87.3679025000001,384.00097793600605,-87.3679025000001,21/08/2017,Furniture,West
1771,98.328,101.91432000000015,3.5863200000001427,3.6473029045644605,-3.5863200000001427,22/08/2016,Furniture,West
1772,210.008,212.94021733333335,2.932217333333341,1.3962407781290906,-2.932217333333341,22/08/2017,Furniture,West
1773,314.532,431.77876200000065,117.24676200000067,37.27657662813344,-117.24676200000067,22/08/2017,Furniture,East
1774,4.224,148.43299250000004,144.20899250000005,3414.0386482007584,-144.20899250000005,23/08/2014,Furniture,West
1775,22.608,41.91221000000005,19.30421000000005,85.38663305024792,-19.30421000000005,23/08/2016,Furniture,Central
1776,532.704,1842.4353033333384,1309.7313033333385,245.86473976792712,-1309.7313033333385,23/08/2016,Furniture,West
1777,2.784,78.71352666666665,75.92952666666665,2727.353687739463,-75.92952666666665,23/08/2017,Furniture,South
1778,13.28,52.40958699999996,39.12958699999996,294.65050451807195,-39.12958699999996,24/08/2014,Furniture,East
1779,918.785,813.9229099999984,104.86209000000156,11.413126030573155,104.86209000000156,24/08/2015,Furniture,Central
1780,284.364,241.3049083571428,43.05909164285717,15.142244321664194,43.05909164285717,24/08/2015,Furniture,East
1781,14.91,156.69660571428582,141.78660571428583,950.9497365143249,-141.78660571428583,24/08/2015,Furniture,East
1782,6.28,35.87677416666666,29.596774166666656,471.2862128450104,-29.596774166666656,25/08/2014,Furniture,West
1783,40.784,143.23641,102.45241000000001,251.207360729698,-102.45241000000001,25/08/2015,Furniture,West
1784,20.104,22.289153000000006,2.185153000000007,10.869244926382844,-2.185153000000007,25/08/2015,Furniture,Central
1785,7.88,111.25609333333303,103.37609333333303,1311.8793570219927,-103.37609333333303,25/08/2015,Furniture,Central
1786,130.98,247.20032668181815,116.22032668181816,88.7313533988534,-116.22032668181816,25/08/2017,Furniture,East
1787,10.68,58.332280000000026,47.652280000000026,446.18239700374556,-47.652280000000026,26/08/2014,Furniture,East
1788,1024.716,524.6898356666651,500.0261643333348,48.796560640541855,500.0261643333348,26/08/2016,Furniture,Central
1789,1603.136,754.9391260000004,848.1968739999995,52.908603761627184,848.1968739999995,26/08/2016,Furniture,West
1790,447.84,722.8466774999995,275.0066774999995,61.40735028135038,-275.0066774999995,26/08/2016,Furniture,Central
1791,186.54,55.001366428571366,131.53863357142862,70.5149745745838,131.53863357142862,26/08/2016,Furniture,South
1792,64.96,96.50584000000005,31.545840000000055,48.56194581280797,-31.545840000000055,26/08/2017,Furniture,Central
1793,29.12,125.16567983333323,96.04567983333322,329.8271972298531,-96.04567983333322,27/08/2014,Furniture,South
1794,1202.94,736.3431595000011,466.59684049999896,38.78803934527066,466.59684049999896,27/08/2014,Furniture,South
1795,244.615,153.06477399999991,91.5502260000001,37.42625186517593,91.5502260000001,27/08/2016,Furniture,East
1796,1488.424,688.7321566666658,799.6918433333342,53.727421980116844,799.6918433333342,27/08/2017,Furniture,East
1797,198.46,50.47465499999993,147.98534500000008,74.56683714602443,147.98534500000008,27/08/2017,Furniture,West
1798,230.28,398.3280974285709,168.0480974285709,72.97555038586543,-168.0480974285709,27/08/2017,Furniture,West
1799,120.576,177.5654985714288,56.98949857142881,47.264379786548574,-56.98949857142881,27/08/2017,Furniture,West
1800,307.666,178.97971752380974,128.68628247619026,41.826617980599174,128.68628247619026,28/08/2015,Furniture,West
1801,4.16,29.985644956709972,25.825644956709972,620.8087729978358,-25.825644956709972,28/08/2015,Furniture,West
1802,103.481,108.84733399999988,5.366333999999881,5.185815753616492,-5.366333999999881,28/08/2015,Furniture,Central
1803,156.3728,279.8943315,123.52153150000001,78.99169900391884,-123.52153150000001,28/08/2016,Furniture,Central
1804,1137.75,1677.8578599999983,540.1078599999983,47.471576356844494,-540.1078599999983,28/08/2017,Furniture,West
1805,174.0585,306.06729499999983,132.00879499999982,75.84162508581875,-132.00879499999982,29/08/2014,Furniture,South
1806,241.92,457.87831533333355,215.95831533333356,89.2684835207232,-215.95831533333356,29/08/2016,Furniture,East
1807,163.88,175.22264949999965,11.342649499999652,6.921314071271451,-11.342649499999652,29/08/2016,Furniture,East
1808,148.02,43.28115991341988,104.73884008658013,70.75992439304156,104.73884008658013,29/08/2017,Furniture,West
1809,218.75,257.2147266666669,38.46472666666688,17.583875047619145,-38.46472666666688,3/08/2014,Furniture,West
1810,183.372,241.95192050000009,58.57992050000007,31.945946218615745,-58.57992050000007,3/08/2017,Furniture,Central
1811,123.96,36.11650250000005,87.84349749999994,70.86438972249108,87.84349749999994,3/08/2017,Furniture,West
1812,786.744,339.3051509999997,447.43884900000035,56.87222895884816,447.43884900000035,30/08/2016,Furniture,East
1813,47.04,74.01443857142861,26.974438571428614,57.34361941205063,-26.974438571428614,30/08/2016,Furniture,West
1814,1552.831,684.6561104999996,868.1748895000003,55.909167803837015,868.1748895000003,31/08/2015,Furniture,West
1815,569.568,320.8008096666666,248.76719033333336,43.676468891042575,248.76719033333336,31/08/2017,Furniture,West
1816,109.8,189.5354800000001,79.7354800000001,72.61883424408023,-79.7354800000001,4/08/2016,Furniture,South
1817,340.144,601.753534214286,261.609534214286,76.91140640854638,-261.609534214286,5/08/2014,Furniture,West
1818,1133.35,1123.3655749999994,9.984425000000556,0.880965721092386,9.984425000000556,5/08/2014,Furniture,East
1819,489.23,238.04100000000025,251.18899999999977,51.34374425117015,251.18899999999977,5/08/2014,Furniture,Central
1820,14.76,66.92555499999989,52.16555499999989,353.425169376693,-52.16555499999989,5/08/2015,Furniture,Central
1821,369.1992,447.0578620000004,77.85866200000038,21.088524027137755,-77.85866200000038,6/08/2015,Furniture,Central
1822,145.74,635.9321225000007,490.19212250000066,336.34700322492154,-490.19212250000066,6/08/2017,Furniture,South
1823,15.4,276.82011666666676,261.4201166666668,1697.5332251082257,-261.4201166666668,6/08/2017,Furniture,South
1824,212.94,106.97593799999997,105.96406200000003,49.76240349394197,105.96406200000003,7/08/2015,Furniture,Central
1825,51.75,23.53170749999997,28.21829250000003,54.528101449275425,28.21829250000003,7/08/2017,Furniture,West
1826,207.184,133.15419999999992,74.02980000000008,35.73142713723072,74.02980000000008,7/08/2017,Furniture,West
1827,327.76,113.11213666666657,214.64786333333342,65.48934077780493,214.64786333333342,8/08/2014,Furniture,West
1828,121.376,83.64080199999991,37.735198000000096,31.089505338782047,37.735198000000096,8/08/2014,Furniture,West
1829,53.88,151.83915000000022,97.95915000000022,181.8098552338534,-97.95915000000022,8/08/2014,Furniture,Central
1830,155.456,581.6955249999999,426.23952499999984,274.1866026399752,-426.23952499999984,8/08/2014,Furniture,South
1831,144.784,190.6809669999996,45.89696699999962,31.700303210299218,-45.89696699999962,8/08/2015,Furniture,West
1832,513.024,213.2055294999996,299.8184705000004,58.44141219514104,299.8184705000004,8/08/2016,Furniture,West
1833,622.45,1890.3579375000036,1267.9079375000035,203.69635111253973,-1267.9079375000035,9/08/2015,Furniture,Central
1834,382.806,1486.3250150000022,1103.5190150000021,288.27108639885535,-1103.5190150000021,9/08/2015,Furniture,East
1835,47.04,108.36219000000028,61.32219000000028,130.36179846938836,-61.32219000000028,9/08/2015,Furniture,East
1836,6.16,60.00759199999976,53.847591999999764,874.149220779217,-53.847591999999764,9/08/2015,Furniture,East
1837,687.4,1495.2159450000004,807.8159450000004,117.51759455920867,-807.8159450000004,9/08/2015,Furniture,Central
1838,10.02,61.99783239510489,51.9778323951049,518.740842266516,-51.9778323951049,9/08/2015,Furniture,East
1839,60.74,142.10726999999983,81.36726999999982,133.9599440237073,-81.36726999999982,1/09/2015,Furniture,East
1840,124.36,34.486295,89.873705,72.26898118366034,89.873705,1/09/2015,Furniture,East
1841,191.82,81.02544678571431,110.79455321428568,57.75964613402444,110.79455321428568,1/09/2016,Furniture,East
1842,114.9,123.13381249999993,8.233812499999928,7.16606832027844,-8.233812499999928,1/09/2017,Furniture,East
1843,498.26,1174.5810250000009,676.3210250000009,135.7365682575364,-676.3210250000009,1/09/2017,Furniture,Central
1844,283.56,763.2657049999993,479.70570499999934,169.17255783608385,-479.70570499999934,1/09/2017,Furniture,West
1845,1487.04,417.6653599999989,1069.3746400000011,71.91297073380683,1069.3746400000011,10/09/2014,Furniture,West
1846,254.9,103.32657833333342,151.5734216666666,59.46387668366677,151.5734216666666,10/09/2014,Furniture,East
1847,361.96,375.4315633333336,13.47156333333362,3.721837587947182,-13.47156333333362,10/09/2015,Furniture,East
1848,106.68,140.96908666666698,34.289086666666975,32.1420009998753,-34.289086666666975,10/09/2015,Furniture,West
1849,179.886,109.69065350000001,70.19534649999999,39.02212873708904,70.19534649999999,10/09/2015,Furniture,Central
1850,300.93,769.4050398333343,468.4750398333343,155.67575178059158,-468.4750398333343,10/09/2016,Furniture,Central
1851,362.352,362.8203389652018,0.4683389652018377,0.12924972546083305,-0.4683389652018377,10/09/2017,Furniture,West
1852,127.95,121.77189999999982,6.178100000000185,4.828526768269,6.178100000000185,11/09/2014,Furniture,West
1853,210.68,37.1675452380953,173.5124547619047,82.35829445695116,173.5124547619047,11/09/2015,Furniture,East
1854,24.64,117.84097642857145,93.20097642857145,378.2507160250465,-93.20097642857145,11/09/2015,Furniture,West
1855,8.92,68.99255116666666,60.072551166666656,673.4590937967114,-60.072551166666656,11/09/2015,Furniture,East
1856,34.504,42.221070000000076,7.717070000000078,22.365725712961044,-7.717070000000078,11/09/2017,Furniture,South
1857,2054.272,741.0142699999986,1313.2577300000012,63.92813269128924,1313.2577300000012,11/09/2017,Furniture,West
1858,32.36,48.964899761904746,16.604899761904747,51.31304005532987,-16.604899761904747,11/09/2017,Furniture,West
1859,177.568,276.3399615000001,98.77196150000006,55.62486568525864,-98.77196150000006,11/09/2017,Furniture,West
1860,512.19,785.1686350833323,272.9786350833323,53.296361717982045,-272.9786350833323,11/09/2017,Furniture,Central
1861,40.56,36.613485000000004,3.946514999999998,9.73006656804733,3.946514999999998,12/09/2014,Furniture,Central
1862,3785.292,667.4491761428551,3117.842823857145,82.36730016752063,3117.842823857145,12/09/2014,Furniture,East
1863,15.136,106.87121009523811,91.73521009523812,606.073005386087,-91.73521009523812,12/09/2016,Furniture,West
1864,466.768,470.7978133333334,4.029813333333436,0.8633439595973668,-4.029813333333436,12/09/2016,Furniture,West
1865,15.232,19.927110000000006,4.695110000000007,30.823988970588278,-4.695110000000007,12/09/2016,Furniture,West
1866,1059.12,755.4374399999996,303.6825600000003,28.673102198051243,303.6825600000003,12/09/2016,Furniture,South
1867,83.136,530.2031433333325,447.0671433333325,537.7539734090316,-447.0671433333325,12/09/2016,Furniture,West
1868,40.48,47.181694750527214,6.701694750527217,16.555570035887396,-6.701694750527217,12/09/2016,Furniture,East
1869,8.36,38.191493823953834,29.831493823953835,356.8360505257636,-29.831493823953835,12/09/2017,Furniture,West
1870,340.116,540.3012569999987,200.18525699999873,58.857935821895694,-200.18525699999873,13/09/2014,Furniture,Central
1871,14.19,84.22871750000007,70.03871750000008,493.5779950669491,-70.03871750000008,13/09/2014,Furniture,West
1872,1516.2,1274.6581375000003,241.54186249999975,15.930738853713214,241.54186249999975,13/09/2015,Furniture,Central
1873,129.93,41.18001500000004,88.74998499999997,68.30599938428381,88.74998499999997,13/09/2015,Furniture,South
1874,170.072,570.9600343333335,400.8880343333335,235.71665784687278,-400.8880343333335,13/09/2015,Furniture,Central
1875,131.88,263.0905300000001,131.21053000000012,99.49236427054909,-131.21053000000012,13/09/2015,Furniture,West
1876,717.72,392.48228249999926,325.23771750000077,45.3154039876276,325.23771750000077,13/09/2015,Furniture,West
1877,207.35,253.2714750000003,45.9214750000003,22.146841089944683,-45.9214750000003,13/09/2015,Furniture,West
1878,44.67,90.57341500000004,45.90341500000004,102.76117080814873,-45.90341500000004,13/09/2015,Furniture,West
1879,1336.44,302.8072899999998,1033.6327100000003,77.34224581724584,1033.6327100000003,13/09/2016,Furniture,Central
1880,13.128,72.92337999999987,59.79537999999987,455.4797379646547,-59.79537999999987,14/09/2014,Furniture,South
1881,142.4,148.22586642857135,5.825866428571345,4.091198334670889,-5.825866428571345,14/09/2014,Furniture,South
1882,464.292,1306.415261,842.1232610000002,181.3779390986707,-842.1232610000002,14/09/2014,Furniture,East
1883,9.96,249.574563333333,239.614563333333,2405.7687081659938,-239.614563333333,14/09/2014,Furniture,Central
1884,912.75,1869.2297350000017,956.4797350000017,104.79098712681476,-956.4797350000017,14/09/2015,Furniture,West
1885,170.136,603.116825190476,432.980825190476,254.49101024502517,-432.980825190476,14/09/2015,Furniture,West
1886,113.372,180.2401869999998,66.86818699999979,58.981218466640605,-66.86818699999979,14/09/2017,Furniture,East
1887,127.936,123.52899857142842,4.40700142857159,3.4446922121776433,4.40700142857159,14/09/2017,Furniture,East
1888,589.41,927.4838483333332,338.0738483333332,57.358010270157145,-338.0738483333332,14/09/2017,Furniture,East
1889,103.936,436.5061333333324,332.57013333333236,319.97588259441613,-332.57013333333236,15/09/2014,Furniture,East
1890,14.56,50.31941960400709,35.759419604007086,245.6004093681805,-35.759419604007086,15/09/2014,Furniture,East
1891,15.712,115.39132866666654,99.67932866666654,634.4152791921241,-99.67932866666654,15/09/2015,Furniture,South
1892,55.968,91.75538666666652,35.78738666666652,63.942586239755784,-35.78738666666652,15/09/2015,Furniture,South
1893,46.384,257.08472800000004,210.70072800000003,454.253035529493,-210.70072800000003,15/09/2015,Furniture,East
1894,801.96,240.61809999999954,561.3419000000005,69.99624669559584,561.3419000000005,15/09/2015,Furniture,South
1895,1056.86,1185.240889999998,128.3808899999981,12.147388490433746,-128.3808899999981,15/09/2015,Furniture,South
1896,1128.39,719.2515850000007,409.13841499999944,36.25859986352231,409.13841499999944,15/09/2016,Furniture,West
1897,35.56,129.1051264285715,93.5451264285715,263.0627852322033,-93.5451264285715,15/09/2017,Furniture,East
1898,782.94,293.54674850000026,489.3932514999998,62.5071207883107,489.3932514999998,15/09/2017,Furniture,East
1899,184.752,189.85271770562758,5.100717705627574,2.760845731373719,-5.100717705627574,15/09/2017,Furniture,West
1900,218.352,280.60771385714264,62.25571385714264,28.511629779962007,-62.25571385714264,15/09/2017,Furniture,West
1901,529.9,171.2597500000002,358.6402499999998,67.68074164936777,358.6402499999998,15/09/2017,Furniture,West
1902,47.4,112.11790166666678,64.71790166666679,136.5356575246135,-64.71790166666679,15/09/2017,Furniture,East
1903,512.96,682.9786200000003,170.01862000000028,33.14461556456649,-170.01862000000028,15/09/2017,Furniture,East
1904,300.904,199.32292100000012,101.58107899999987,33.758633650599485,101.58107899999987,15/09/2017,Furniture,West
1905,273.666,190.60999699999982,83.05600300000017,30.349405114263433,83.05600300000017,16/09/2016,Furniture,West
1906,121.78,467.51099000000073,345.7309900000007,283.8980045984568,-345.7309900000007,16/09/2016,Furniture,South
1907,22.512,62.394612999999936,39.882612999999935,177.16157160625414,-39.882612999999935,16/09/2017,Furniture,East
1908,35.34,48.41847009523804,13.078470095238039,37.007555447759025,-13.078470095238039,17/09/2014,Furniture,West
1909,3083.43,409.7485199999987,2673.681480000001,86.71127543028385,2673.681480000001,17/09/2015,Furniture,East
1910,124.2,50.98365452380947,73.21634547619053,58.950358676481905,73.21634547619053,17/09/2015,Furniture,East
1911,21.936,52.69551466666657,30.75951466666657,140.22389982980746,-30.75951466666657,17/09/2015,Furniture,Central
1912,344.22,236.55616435714282,107.66383564285721,31.277623509051537,107.66383564285721,17/09/2015,Furniture,East
1913,199.764,184.99784928571418,14.766150714285828,7.391797678403429,14.766150714285828,17/09/2015,Furniture,East
1914,4228.704,627.4804879999988,3601.223512000001,85.16139961557965,3601.223512000001,17/09/2015,Furniture,East
1915,2003.92,676.9848974999985,1326.9351025000014,66.2169698640665,1326.9351025000014,17/09/2015,Furniture,East
1916,109.48,52.66357070290819,56.816429297091815,51.89662887933122,56.816429297091815,17/09/2016,Furniture,East
1917,113.888,429.77186666666637,315.88386666666634,277.36360869157977,-315.88386666666634,17/09/2016,Furniture,West
1918,14.82,58.979623928571385,44.159623928571385,297.97317090803904,-44.159623928571385,17/09/2016,Furniture,East
1919,191.82,58.979623928571385,132.8403760714286,69.25262020197509,132.8403760714286,17/09/2016,Furniture,East
1920,723.92,737.4126400000002,13.492640000000279,1.863830257487054,-13.492640000000279,17/09/2017,Furniture,South
1921,1292.94,581.6110600000002,711.3289399999999,55.01639209862792,711.3289399999999,17/09/2017,Furniture,West
1922,318.43,629.7925474999982,311.36254749999824,97.78053182803073,-311.36254749999824,17/09/2017,Furniture,Central
1923,24.4,62.681892900432814,38.281892900432815,156.89300369029843,-38.281892900432815,18/09/2015,Furniture,West
1924,383.438,763.9273085,380.4893085,99.2309861046636,-380.4893085,18/09/2016,Furniture,South
1925,350.98,112.4407525,238.53924750000002,67.9637721522594,238.53924750000002,18/09/2016,Furniture,South
1926,5.352,80.79472399999992,75.44272399999991,1409.6174140508203,-75.44272399999991,18/09/2016,Furniture,East
1927,99.372,166.72840333333298,67.35640333333298,67.78207476284364,-67.35640333333298,18/09/2016,Furniture,East
1928,631.782,207.8058547619047,423.97614523809534,67.10798111343712,423.97614523809534,18/09/2016,Furniture,East
1929,60.72,57.23202857142858,3.48797142857142,5.744353472614328,3.48797142857142,18/09/2016,Furniture,East
1930,801.568,198.62920523809487,602.9387947619051,75.21991830535964,602.9387947619051,18/09/2016,Furniture,West
1931,885.528,1553.5673780000004,668.0393780000004,75.43966740746768,-668.0393780000004,18/09/2016,Furniture,West
1932,9.82,33.15778455211455,23.33778455211455,237.65564717020925,-23.33778455211455,18/09/2017,Furniture,East
1933,20.32,52.322828571428616,32.002828571428616,157.49423509561328,-32.002828571428616,18/09/2017,Furniture,South
1934,887.103,583.6080147500002,303.4949852499998,34.21192186814832,303.4949852499998,19/09/2014,Furniture,East
1935,73.915,85.52931499999988,11.614314999999877,15.713069065818678,-11.614314999999877,19/09/2014,Furniture,West
1936,61.96,405.91527000000036,343.9552700000004,555.1247094899941,-343.9552700000004,19/09/2015,Furniture,South
1937,60.84,57.199990238095225,3.6400097619047784,5.982922028114363,3.6400097619047784,19/09/2015,Furniture,West
1938,701.372,418.4325360000008,282.93946399999913,40.34085535208123,282.93946399999913,19/09/2016,Furniture,Central
1939,872.32,725.4234700000004,146.89652999999964,16.839752613719693,146.89652999999964,19/09/2016,Furniture,East
1940,25.632,75.51267549999997,49.88067549999997,194.60313475343307,-49.88067549999997,19/09/2016,Furniture,East
1941,409.216,248.78387666666663,160.43212333333338,39.2047533169117,160.43212333333338,19/09/2017,Furniture,West
1942,72.588,439.2424390000004,366.65443900000037,505.1171529729437,-366.65443900000037,19/09/2017,Furniture,West
1943,70.71,34.356656666666666,36.35334333333333,51.411884221939374,36.35334333333333,2/09/2014,Furniture,East
1944,39.98,50.31941960400709,10.339419604007091,25.861479749892673,-10.339419604007091,2/09/2016,Furniture,East
1945,84.272,39.509066666666754,44.76293333333325,53.11720777165993,44.76293333333325,2/09/2016,Furniture,Central
1946,472.518,356.3984269999996,116.1195730000004,24.57463482872619,116.1195730000004,2/09/2016,Furniture,South
1947,215.976,414.37032999999946,198.39432999999946,91.85943345556889,-198.39432999999946,2/09/2016,Furniture,West
1948,94.68,455.1198777777782,360.4398777777782,380.6927310707416,-360.4398777777782,2/09/2016,Furniture,West
1949,568.728,517.6434414285711,51.08455857142883,8.982247853355002,51.08455857142883,2/09/2016,Furniture,West
1950,15.072,156.20159799999993,141.12959799999993,936.3694134819528,-141.12959799999993,2/09/2017,Furniture,East
1951,11.54,33.15778455211455,21.61778455211455,187.32915556425087,-21.61778455211455,2/09/2017,Furniture,East
1952,254.526,202.99439100000046,51.53160899999955,20.24610805968724,51.53160899999955,2/09/2017,Furniture,East
1953,1282.41,743.7563470476189,538.6536529523812,42.00323242585298,538.6536529523812,2/09/2017,Furniture,East
1954,236.528,210.98108298917734,25.546917010822654,10.800800332655184,25.546917010822654,2/09/2017,Furniture,West
1955,215.976,556.4598040000002,340.4838040000002,157.64890728599482,-340.4838040000002,2/09/2017,Furniture,West
1956,511.5,118.4119050000001,393.0880949999999,76.85006744868033,393.0880949999999,2/09/2017,Furniture,West
1957,617.7,383.3054889999993,234.39451100000076,37.94633495224231,234.39451100000076,20/09/2014,Furniture,Central
1958,164.22,71.59191999999997,92.62808000000003,56.40487151382294,92.62808000000003,20/09/2014,Furniture,East
1959,362.94,344.5720660000004,18.367933999999593,5.060873422604175,18.367933999999593,20/09/2014,Furniture,East
1960,493.43,744.215705499999,250.78570549999898,50.82498135500455,-250.78570549999898,20/09/2014,Furniture,Central
1961,631.782,361.9145966666669,269.86740333333313,42.71527256764725,269.86740333333313,20/09/2014,Furniture,East
1962,801.568,232.4320286666665,569.1359713333335,71.00283086816508,569.1359713333335,20/09/2014,Furniture,East
1963,17.088,76.98911999999997,59.90111999999997,350.54494382022455,-59.90111999999997,20/09/2016,Furniture,South
1964,98.392,128.32304500000006,29.93104500000007,30.42020184567858,-29.93104500000007,20/09/2016,Furniture,South
1965,163.88,438.46324033333383,274.58324033333383,167.55140366935186,-274.58324033333383,20/09/2016,Furniture,West
1966,272.646,362.60452999999984,89.95852999999983,32.994626732099434,-89.95852999999983,20/09/2017,Furniture,East
1967,80.991,157.9257800000002,76.9347800000002,94.99176451704535,-76.9347800000002,20/09/2017,Furniture,East
1968,2888.127,1201.5091249999994,1686.6178750000006,58.39832787824083,1686.6178750000006,20/09/2017,Furniture,East
1969,2254.41,626.2216212261909,1628.1883787738088,72.22237209619408,1628.1883787738088,20/09/2017,Furniture,East
1970,8.544,24.159516666666704,15.615516666666704,182.76587858926385,-15.615516666666704,21/09/2014,Furniture,Central
1971,4.928,54.81534190476197,49.887341904761975,1012.3243081323453,-49.887341904761975,21/09/2015,Furniture,Central
1972,601.536,946.9746352857153,345.43863528571535,57.42609507755403,-345.43863528571535,21/09/2015,Furniture,West
1973,194.32,483.41140957142784,289.09140957142785,148.77079537434534,-289.09140957142785,21/09/2015,Furniture,Central
1974,85.3,34.34716,50.952839999999995,59.733692848769046,50.952839999999995,21/09/2015,Furniture,East
1975,542.94,499.9517328571434,42.98826714285667,7.917682827357842,42.98826714285667,21/09/2015,Furniture,East
1976,1690.04,649.8540000000014,1040.1859999999986,61.54801069797157,1040.1859999999986,21/09/2015,Furniture,South
1977,97.44,81.02544678571431,16.41455321428569,16.845805843889256,16.41455321428569,22/09/2014,Furniture,East
1978,579.528,623.1184108571426,43.590410857142615,7.52170919388582,-43.590410857142615,22/09/2014,Furniture,East
1979,204.6,29.441934761904776,175.15806523809522,85.61000256016385,175.15806523809522,22/09/2015,Furniture,West
1980,47.98,75.80111,27.821109999999997,57.98480616923718,-27.821109999999997,22/09/2015,Furniture,South
1981,13.28,29.369511333333303,16.089511333333306,121.15595883534115,-16.089511333333306,22/09/2016,Furniture,South
1982,68.432,185.86137000000016,117.42937000000016,171.6000847556701,-117.42937000000016,22/09/2016,Furniture,West
1983,18.96,27.172039999999935,8.212039999999934,43.31244725738362,-8.212039999999934,22/09/2016,Furniture,Central
1984,241.96,293.05772699999966,51.09772699999965,21.11825384361037,-51.09772699999965,22/09/2017,Furniture,Central
1985,12.07,16.939989166666713,4.869989166666713,40.34788041977392,-4.869989166666713,22/09/2017,Furniture,East
1986,435.999,386.8631325000005,49.135867499999506,11.269720228716007,49.135867499999506,23/09/2014,Furniture,West
1987,532.704,158.50578000000004,374.1982199999999,70.24505541539014,374.1982199999999,23/09/2016,Furniture,East
1988,368.97,498.1624950000007,129.1924950000007,35.0143629563381,-129.1924950000007,23/09/2016,Furniture,South
1989,28.0,86.68472533333335,58.68472533333335,209.5883047619048,-58.68472533333335,23/09/2016,Furniture,East
1990,184.752,483.75475000000057,299.00275000000056,161.84006127132616,-299.00275000000056,23/09/2016,Furniture,West
1991,29.328,72.47142999999973,43.143429999999725,147.10662165848242,-43.143429999999725,23/09/2017,Furniture,West
1992,180.588,237.88707285714278,57.29907285714279,31.72916963316654,-57.29907285714279,23/09/2017,Furniture,West
1993,594.816,202.59931238095223,392.2166876190478,65.93916229876933,392.2166876190478,23/09/2017,Furniture,West
1994,517.5,826.3855000000002,308.8855000000002,59.68801932367154,-308.8855000000002,24/09/2015,Furniture,South
1995,1408.1,2237.723390000001,829.6233900000011,58.91793125488255,-829.6233900000011,24/09/2015,Furniture,Central
1996,14.91,43.28115991341988,28.371159913419877,190.2827626654586,-28.371159913419877,24/09/2015,Furniture,West
1997,155.372,120.33999033333302,35.032009666666994,22.54718331917398,35.032009666666994,24/09/2016,Furniture,East
1998,63.2,295.281078333334,232.081078333334,367.2168960970474,-232.081078333334,24/09/2016,Furniture,West
1999,21.44,69.08942499999988,47.64942499999988,222.24545242537258,-47.64942499999988,24/09/2016,Furniture,West
2000,127.95,85.80881999999994,42.14118000000006,32.93566236811259,42.14118000000006,24/09/2016,Furniture,Central
2001,563.24,439.55026499999985,123.68973500000016,21.96039610112921,123.68973500000016,24/09/2016,Furniture,West
2002,103.056,149.55317600000006,46.49717600000007,45.1183589504736,-46.49717600000007,24/09/2017,Furniture,East
2003,603.92,697.0635880000008,93.14358800000082,15.423166644588823,-93.14358800000082,24/09/2017,Furniture,Central
2004,199.8,198.65105000000005,1.1489499999999566,0.5750500500500283,1.1489499999999566,24/09/2017,Furniture,West
2005,520.464,221.89615866666642,298.5678413333336,57.36570470452011,298.5678413333336,24/09/2017,Furniture,Central
2006,300.5328,349.4512328484853,48.91843284848528,16.277235911848983,-48.91843284848528,25/09/2014,Furniture,Central
2007,1044.63,843.6928300000009,200.93716999999924,19.235247886811525,200.93716999999924,25/09/2015,Furniture,West
2008,307.136,379.20692999999903,72.07092999999901,23.46547783392341,-72.07092999999901,25/09/2015,Furniture,West
2009,102.582,219.15587499999987,116.57387499999987,113.63969799769929,-116.57387499999987,25/09/2015,Furniture,East
2010,393.165,341.5392374999998,51.625762500000235,13.130813398954697,51.625762500000235,25/09/2016,Furniture,West
2011,201.96,394.3072821428578,192.34728214285778,95.24028626602187,-192.34728214285778,25/09/2016,Furniture,Central
2012,68.64,222.7896000000002,154.1496000000002,224.57692307692335,-154.1496000000002,25/09/2016,Furniture,Central
2013,477.666,384.84255499999955,92.82344500000045,19.432709257096057,92.82344500000045,25/09/2016,Furniture,West
2014,483.136,413.25873574999974,69.87726425000028,14.46327002127771,69.87726425000028,25/09/2016,Furniture,West
2015,488.646,362.60452999999984,126.04147000000017,25.794024713187085,126.04147000000017,25/09/2017,Furniture,East
2016,47.12,154.62603800865807,107.50603800865807,228.15373091820473,-107.50603800865807,25/09/2017,Furniture,East
2017,269.97,546.5588124999998,276.5888124999998,102.45168444641988,-276.5888124999998,25/09/2017,Furniture,Central
2018,145.568,345.6616218095238,200.0936218095238,137.45714841828135,-200.0936218095238,26/09/2014,Furniture,West
2019,585.552,619.6286230000001,34.07662300000004,5.819572471787312,-34.07662300000004,26/09/2014,Furniture,West
2020,21.184,6.014948285714286,15.169051714285715,71.60617312257229,15.169051714285715,26/09/2014,Furniture,East
2021,747.558,384.3137867499999,363.2442132500001,48.59077332461161,363.2442132500001,26/09/2016,Furniture,Central
2022,424.9575,682.6107024999988,257.65320249999877,60.63034597577376,-257.65320249999877,26/09/2016,Furniture,West
2023,454.965,465.68678449999845,10.721784499998478,2.356617432109828,-10.721784499998478,26/09/2016,Furniture,Central
2024,419.136,492.77404999999965,73.63804999999962,17.569011013131686,-73.63804999999962,26/09/2017,Furniture,South
2025,9.24,42.031412142857114,32.79141214285711,354.8854128014839,-32.79141214285711,26/09/2017,Furniture,West
2026,87.54,90.4398987500001,2.899898750000091,3.3126556431346703,-2.899898750000091,27/09/2014,Furniture,East
2027,603.92,910.7724899999998,306.8524899999999,50.810122201616096,-306.8524899999999,27/09/2014,Furniture,West
2028,24.288,19.13595600000004,5.152043999999961,21.21230237154134,5.152043999999961,27/09/2015,Furniture,Central
2029,956.6648,796.1522149999994,160.51258500000063,16.778351727794377,160.51258500000063,27/09/2016,Furniture,Central
2030,337.088,106.39887950793653,230.6891204920635,68.43587445772721,230.6891204920635,28/09/2014,Furniture,South
2031,32.776,38.103509999999964,5.327509999999961,16.254301928240057,-5.327509999999961,28/09/2017,Furniture,West
2032,9.24,42.57831330627707,33.338313306277065,360.80425656144007,-33.338313306277065,28/09/2017,Furniture,West
2033,204.6,29.985644956709972,174.61435504329003,85.34425955195016,174.61435504329003,29/09/2014,Furniture,West
2034,409.272,318.5780241666664,90.69397583333358,22.159829119346934,90.69397583333358,29/09/2014,Furniture,East
2035,67.176,150.55162600000003,83.37562600000003,124.1151988805526,-83.37562600000003,29/09/2014,Furniture,East
2036,6.16,100.13291785714256,93.97291785714256,1525.5343807977688,-93.97291785714256,29/09/2014,Furniture,West
2037,2348.82,2086.270340000003,262.54965999999695,11.17793870964982,262.54965999999695,29/09/2014,Furniture,West
2038,117.36,172.0153712698412,54.65537126984121,46.57069808268678,-54.65537126984121,29/09/2014,Furniture,East
2039,63.686,143.0976440000001,79.41164400000008,124.69246616210796,-79.41164400000008,29/09/2017,Furniture,East
2040,344.22,263.50972800000005,80.71027199999997,23.447293010284113,80.71027199999997,29/09/2017,Furniture,East
2041,21.248,90.61863999999981,69.37063999999981,326.4807981927702,-69.37063999999981,29/09/2017,Furniture,East
2042,72.784,156.5827149999998,83.7987149999998,115.13342905034045,-83.7987149999998,29/09/2017,Furniture,West
2043,51.75,28.943794999999994,22.806205000000006,44.06996135265702,22.806205000000006,29/09/2017,Furniture,West
2044,129.568,406.41278571428535,276.8447857142853,213.66756121440886,-276.8447857142853,3/09/2015,Furniture,West
2045,238.152,180.48400599999977,57.66799400000022,24.214784675333494,57.66799400000022,3/09/2015,Furniture,West
2046,83.952,40.70539571428568,43.24660428571432,51.513489000517346,43.24660428571432,3/09/2016,Furniture,Central
2047,344.94,317.57904250000024,27.360957499999756,7.932091813068869,27.360957499999756,3/09/2016,Furniture,East
2048,14.76,32.41374000000001,17.653740000000013,119.60528455284563,-17.653740000000013,3/09/2016,Furniture,East
2049,198.744,505.23494833333393,306.4909483333339,154.213937695394,-306.4909483333339,3/09/2016,Furniture,Central
2050,90.801,170.65091700000036,79.84991700000036,87.93946872831836,-79.84991700000036,3/09/2017,Furniture,East
2051,181.764,223.48924600000012,41.72524600000011,22.95572610637976,-41.72524600000011,3/09/2017,Furniture,East
2052,239.666,177.0471899999999,62.61881000000011,26.12753164821047,62.61881000000011,3/09/2017,Furniture,West
2053,108.4,60.7161899999998,47.68381000000021,43.988754612546316,47.68381000000021,3/09/2017,Furniture,Central
2054,15.24,61.99783239510489,46.75783239510489,306.8099238523943,-46.75783239510489,30/09/2014,Furniture,East
2055,523.92,676.9848974999985,153.06489749999855,29.215318655519653,-153.06489749999855,30/09/2016,Furniture,East
2056,63.94,23.65521238095238,40.28478761904762,63.004046948776384,40.28478761904762,4/09/2016,Furniture,East
2057,42.6,132.79361642857145,90.19361642857146,211.72210429242125,-90.19361642857146,4/09/2016,Furniture,South
2058,24.27,40.07047678571427,15.80047678571427,65.10291217846836,-15.80047678571427,4/09/2016,Furniture,West
2059,1322.352,437.2189005714288,885.1330994285713,66.93626957334895,885.1330994285713,4/09/2017,Furniture,West
2060,825.174,828.4795537499995,3.30555374999949,0.4005886940208356,-3.30555374999949,4/09/2017,Furniture,Central
2061,1478.272,1423.8555459999995,54.416454000000385,3.68108534829858,54.416454000000385,4/09/2017,Furniture,West
2062,97.184,318.372844,221.188844,227.59800378663155,-221.188844,4/09/2017,Furniture,South
2063,31.984,104.14453000000003,72.16053000000002,225.61446348174093,-72.16053000000002,5/09/2014,Furniture,South
2064,411.332,507.81171249999977,96.47971249999978,23.455435633502812,-96.47971249999978,5/09/2015,Furniture,West
2065,293.199,438.5442340000001,145.34523400000006,49.572213411369084,-145.34523400000006,5/09/2015,Furniture,West
2066,6.16,40.242872857142856,34.08287285714286,553.2933905380335,-34.08287285714286,5/09/2015,Furniture,Central
2067,67.96,83.83181699999996,15.871816999999965,23.35464537963503,-15.871816999999965,5/09/2015,Furniture,South
2068,82.8,36.03944352380959,46.76055647619041,56.47410202438456,46.76055647619041,5/09/2016,Furniture,East
2069,12.22,28.929079999999978,16.70907999999998,136.7355155482813,-16.70907999999998,5/09/2016,Furniture,Central
2070,242.94,441.3177275000006,198.37772750000062,81.65708714085808,-198.37772750000062,5/09/2016,Furniture,Central
2071,347.802,621.3369769999983,273.5349769999983,78.64675217508764,-273.5349769999983,5/09/2016,Furniture,Central
2072,1652.94,673.613622500001,979.326377499999,59.24754543419598,979.326377499999,5/09/2016,Furniture,South
2073,85.246,357.85971916666773,272.61371916666775,319.7964938726366,-272.61371916666775,5/09/2016,Furniture,East
2074,21.204,13.31281500000003,7.89118499999997,37.215548953027586,7.89118499999997,5/09/2016,Furniture,Central
2075,58.248,176.94878666666696,118.70078666666697,203.78517145080858,-118.70078666666697,5/09/2016,Furniture,East
2076,71.246,233.97622775000002,162.73022775000004,228.40612490525788,-162.73022775000004,5/09/2016,Furniture,East
2077,887.271,358.6615396428568,528.6094603571432,59.577001880726776,528.6094603571432,5/09/2016,Furniture,East
2078,41.88,124.74660583333338,82.86660583333338,197.86677610633566,-82.86660583333338,6/09/2014,Furniture,West
2079,191.82,37.267466250000055,154.55253374999995,80.57164724741943,154.55253374999995,6/09/2015,Furniture,West
2080,271.764,194.40641099999985,77.35758900000016,28.46498763633158,77.35758900000016,6/09/2015,Furniture,East
2081,85.98,207.30450750000017,121.32450750000017,141.10782449406858,-121.32450750000017,6/09/2015,Furniture,South
2082,722.352,312.92195349999974,409.43004650000023,56.68012914756244,409.43004650000023,6/09/2016,Furniture,East
2083,42.368,47.084359238095324,4.716359238095322,11.1318901956555,-4.716359238095322,7/09/2014,Furniture,East
2084,57.69,67.33154499999999,9.641544999999994,16.712679840526945,-9.641544999999994,7/09/2014,Furniture,Central
2085,821.88,210.30331000000024,611.5766899999998,74.41192023166397,611.5766899999998,7/09/2014,Furniture,Central
2086,200.795,133.54556599999984,67.24943400000015,33.49158793794674,67.24943400000015,7/09/2014,Furniture,Central
2087,429.9,1035.3985999999998,605.4985999999998,140.84638287973942,-605.4985999999998,7/09/2014,Furniture,Central
2088,161.96,305.78646999999967,143.82646999999966,88.80369844406005,-143.82646999999966,7/09/2014,Furniture,Central
2089,47.516,240.44051133333366,192.92451133333367,406.02010129921223,-192.92451133333367,7/09/2015,Furniture,Central
2090,27.414,322.9336573809527,295.5196573809527,1077.9880987121642,-295.5196573809527,7/09/2015,Furniture,East
2091,481.176,241.3049083571428,239.87109164285718,49.85100911991812,239.87109164285718,7/09/2015,Furniture,East
2092,47.94,42.57831330627707,5.36168669372293,11.184160812938945,5.36168669372293,7/09/2017,Furniture,West
2093,25.16,54.80958333333326,29.649583333333258,117.84413089560117,-29.649583333333258,7/09/2017,Furniture,West
2094,19.76,74.01443857142861,54.25443857142861,274.56699681897067,-54.25443857142861,7/09/2017,Furniture,West
2095,135.3,586.9235700000007,451.6235700000007,333.7942128603109,-451.6235700000007,7/09/2017,Furniture,Central
2096,161.568,209.5054720952379,47.937472095237894,29.670152564392634,-47.937472095237894,7/09/2017,Furniture,West
2097,80.96,83.49966466666659,2.539664666666596,3.1369375823451042,-2.539664666666596,7/09/2017,Furniture,West
2098,1740.06,1166.827551999998,573.232448000002,32.943257588818895,573.232448000002,8/09/2014,Furniture,Central
2099,975.92,1041.5849805,65.66498050000007,6.72852083162555,-65.66498050000007,8/09/2014,Furniture,West
2100,966.7,752.6297160833301,214.07028391666995,22.144438183166436,214.07028391666995,8/09/2014,Furniture,Central
2101,172.764,194.40641099999985,21.64241099999984,12.527153226366512,-21.64241099999984,8/09/2014,Furniture,East
2102,21.36,194.07775000000024,172.71775000000025,808.6036985018739,-172.71775000000025,8/09/2015,Furniture,South
2103,2396.2656,416.0428419999999,1980.2227580000003,82.63786610298959,1980.2227580000003,8/09/2016,Furniture,Central
2104,173.94,302.87942800000064,128.93942800000065,74.12868115442144,-128.93942800000065,8/09/2016,Furniture,East
2105,14.136,37.014319999999955,22.878319999999956,161.84436898698328,-22.878319999999956,8/09/2016,Furniture,Central
2106,601.47,425.9045680000009,175.56543199999913,29.189391324587948,175.56543199999913,8/09/2016,Furniture,Central
2107,146.04,256.05365499999965,110.01365499999966,75.33117981374943,-110.01365499999966,8/09/2016,Furniture,West
2108,43.13,72.49127283333348,29.36127283333348,68.07621802303149,-29.36127283333348,8/09/2016,Furniture,West
2109,765.625,359.2995179999993,406.3254820000007,53.0710833632654,406.3254820000007,8/09/2017,Furniture,Central
2110,21.184,33.43787999999999,12.253879999999992,57.84497734138968,-12.253879999999992,8/09/2017,Furniture,Central
2111,213.43,578.5368299999973,365.1068299999973,171.06631213981035,-365.1068299999973,8/09/2017,Furniture,Central
2112,785.88,1178.1918025000004,392.31180250000045,49.92006445004332,-392.31180250000045,9/09/2014,Furniture,East
2113,17.472,59.56031666666647,42.08831666666647,240.89009081196465,-42.08831666666647,9/09/2014,Furniture,East
2114,60.672,185.8898833333334,125.21788333333339,206.384960662799,-125.21788333333339,9/09/2014,Furniture,East
2115,15.008,97.67770523809513,82.66970523809513,550.8375882069239,-82.66970523809513,9/09/2016,Furniture,Central
2116,141.372,338.6416273333332,197.26962733333318,139.5393906384101,-197.26962733333318,9/09/2017,Furniture,East
2117,17.024,47.084359238095324,30.060359238095323,176.57635830648098,-30.060359238095323,9/09/2017,Furniture,East
2118,14.136,97.57206499999991,83.43606499999991,590.2381508205993,-83.43606499999991,9/09/2017,Furniture,South
2119,243.92,616.7885407142853,372.86854071428536,152.86509540598777,-372.86854071428536,9/09/2017,Furniture,West
2120,66.112,57.809870000000004,8.302129999999991,12.557674854791856,8.302129999999991,9/09/2017,Furniture,East
